{
  "condition_a": {
    "frontal": 0.22320596450874425,
    "side": 0.10108082176949755,
    "rear_side": 0.008265856948979865,
    "rear": 0.03427895979270641,
    "overall": 0.03596034499335113
  },
  "condition_b": {
    "frontal": 0.0024570024547688183,
    "side": 0.0330687830635784,
    "rear_side": 0.0005341880339654558,
    "rear": 0.0020263424513919043,
    "overall": 0.0023262574869464866
  }
}